Gene,Sample ID,Ct,temperature,File
GPI (603-604),255,NA,67.8,SYBR Results 2022-10-18 (1)
GPI (603-604),255,NA,66.5,SYBR Results 2022-10-18 (1)
GPI (603-604),255,NA,66.5,SYBR Results 2022-10-18 (1)
GPI (603-604),256,NA,66.1,SYBR Results 2022-10-18 (1)
GPI (603-604),256,NA,65.8,SYBR Results 2022-10-18 (1)
GPI (603-604),256,NA,65.8,SYBR Results 2022-10-18 (1)
GPI (603-604),257,NA,65.8,SYBR Results 2022-10-18 (1)
GPI (603-604),257,NA,65.8,SYBR Results 2022-10-18 (1)
GPI (603-604),257,NA,65.8,SYBR Results 2022-10-18 (1)
GPI (603-604),258,33.576,76.4,SYBR Results 2022-10-18 (1)
GPI (603-604),258,32.7756,76.4,SYBR Results 2022-10-18 (1)
GPI (603-604),258,33.0599,76.4,SYBR Results 2022-10-18 (1)
CsRD19 (623-624),255,35.3306,73.3,SYBR Results 2022-10-18 (1)
CsRD19 (623-624),255,35.3657,73,SYBR Results 2022-10-18 (1)
CsRD19 (623-624),255,36.2623,73,SYBR Results 2022-10-18 (1)
CsRD19 (623-624),256,35.4685,73.3,SYBR Results 2022-10-18 (1)
CsRD19 (623-624),256,38.3681,73.7,SYBR Results 2022-10-18 (1)
CsRD19 (623-624),256,36.7066,73.3,SYBR Results 2022-10-18 (1)
CsRD19 (623-624),257,NA,67.5,SYBR Results 2022-10-18 (1)
CsRD19 (623-624),257,NA,67.1,SYBR Results 2022-10-18 (1)
CsRD19 (623-624),257,NA,65.8,SYBR Results 2022-10-18 (1)
CsRD19 (623-624),258,30.9368,74.4,SYBR Results 2022-10-18 (1)
CsRD19 (623-624),258,31.2659,74,SYBR Results 2022-10-18 (1)
CsRD19 (623-624),258,30.7368,74,SYBR Results 2022-10-18 (1)
CaAALP (627-628),255,35.0339,76.4,SYBR Results 2022-10-18 (1)
CaAALP (627-628),255,34.6996,76.7,SYBR Results 2022-10-18 (1)
CaAALP (627-628),255,33.8583,76.7,SYBR Results 2022-10-18 (1)
CaAALP (627-628),256,34.3148,76.7,SYBR Results 2022-10-18 (1)
CaAALP (627-628),256,36.005,76.7,SYBR Results 2022-10-18 (1)
CaAALP (627-628),256,34.2742,77.1,SYBR Results 2022-10-18 (1)
CaAALP (627-628),257,33.5813,77.1,SYBR Results 2022-10-18 (1)
CaAALP (627-628),257,34.6106,77.1,SYBR Results 2022-10-18 (1)
CaAALP (627-628),257,NA,67.5,SYBR Results 2022-10-18 (1)
CaAALP (627-628),258,28.7264,77.4,SYBR Results 2022-10-18 (1)
CaAALP (627-628),258,28.4516,77.4,SYBR Results 2022-10-18 (1)
CaAALP (627-628),258,28.4692,77.1,SYBR Results 2022-10-18 (1)
SRG1B (631-632),255,NA,65.8,SYBR Results 2022-10-18 (1)
SRG1B (631-632),255,36.1277,76.7,SYBR Results 2022-10-18 (1)
SRG1B (631-632),255,36.0616,77.1,SYBR Results 2022-10-18 (1)
SRG1B (631-632),256,NA,65.8,SYBR Results 2022-10-18 (1)
SRG1B (631-632),256,NA,65.8,SYBR Results 2022-10-18 (1)
SRG1B (631-632),256,NA,77.4,SYBR Results 2022-10-18 (1)
SRG1B (631-632),257,NA,65.8,SYBR Results 2022-10-18 (1)
SRG1B (631-632),257,NA,67.1,SYBR Results 2022-10-18 (1)
SRG1B (631-632),257,NA,65.8,SYBR Results 2022-10-18 (1)
SRG1B (631-632),258,32.2562,77.4,SYBR Results 2022-10-18 (1)
SRG1B (631-632),258,31.6909,77.1,SYBR Results 2022-10-18 (1)
SRG1B (631-632),258,31.6807,77.1,SYBR Results 2022-10-18 (1)
Ferr (709-710),255,31.9207,79.5,SYBR Results 2022-10-18 (1)
Ferr (709-710),255,31.3054,79.5,SYBR Results 2022-10-18 (1)
Ferr (709-710),255,30.5292,79.8,SYBR Results 2022-10-18 (1)
Ferr (709-710),256,31.0691,79.8,SYBR Results 2022-10-18 (1)
Ferr (709-710),256,32.2306,80.2,SYBR Results 2022-10-18 (1)
Ferr (709-710),256,31.1695,80.2,SYBR Results 2022-10-18 (1)
Ferr (709-710),257,31.097,80.2,SYBR Results 2022-10-18 (1)
Ferr (709-710),257,30.3103,80.2,SYBR Results 2022-10-18 (1)
Ferr (709-710),257,30.428,80.2,SYBR Results 2022-10-18 (1)
Ferr (709-710),258,23.5912,80.2,SYBR Results 2022-10-18 (1)
Ferr (709-710),258,23.4368,80.2,SYBR Results 2022-10-18 (1)
Ferr (709-710),258,23.5041,79.8,SYBR Results 2022-10-18 (1)
NPR1 (547-548),255,32.1884,78.8,SYBR Results 2022-10-18 (1)
NPR1 (547-548),255,NA,65.8,SYBR Results 2022-10-18 (1)
NPR1 (547-548),255,34.7075,79.1,SYBR Results 2022-10-18 (1)
NPR1 (547-548),256,NA,79.1,SYBR Results 2022-10-18 (1)
NPR1 (547-548),256,NA,65.8,SYBR Results 2022-10-18 (1)
NPR1 (547-548),256,NA,65.8,SYBR Results 2022-10-18 (1)
NPR1 (547-548),257,NA,65.8,SYBR Results 2022-10-18 (1)
NPR1 (547-548),257,NA,65.8,SYBR Results 2022-10-18 (1)
NPR1 (547-548),257,NA,65.8,SYBR Results 2022-10-18 (1)
NPR1 (547-548),258,36.0919,79.8,SYBR Results 2022-10-18 (1)
NPR1 (547-548),258,34.8363,79.5,SYBR Results 2022-10-18 (1)
NPR1 (547-548),258,34.7945,79.1,SYBR Results 2022-10-18 (1)
GAPDH,255,28.3865,78.8,SYBR Results 2022-10-18 (1)
GAPDH,255,28.2083,78.8,SYBR Results 2022-10-18 (1)
GAPDH,255,28.1619,78.8,SYBR Results 2022-10-18 (1)
GAPDH,256,28.6633,79.1,SYBR Results 2022-10-18 (1)
GAPDH,256,28.4359,79.1,SYBR Results 2022-10-18 (1)
GAPDH,256,28.6422,79.5,SYBR Results 2022-10-18 (1)
GAPDH,257,28.5507,79.1,SYBR Results 2022-10-18 (1)
GAPDH,257,28.2045,79.5,SYBR Results 2022-10-18 (1)
GAPDH,257,29.723,79.1,SYBR Results 2022-10-18 (1)
GAPDH,258,23.1053,79.5,SYBR Results 2022-10-18 (1)
GAPDH,258,23.0352,79.1,SYBR Results 2022-10-18 (1)
GAPDH,258,23.1748,79.1,SYBR Results 2022-10-18 (1)
GPI (603-604),259,31.6893,76.6,SYBR Results 2022-10-18 (2)
GPI (603-604),259,31.2206,76.9,SYBR Results 2022-10-18 (2)
GPI (603-604),259,31.6564,76.9,SYBR Results 2022-10-18 (2)
GPI (603-604),260,34.3157,77.3,SYBR Results 2022-10-18 (2)
GPI (603-604),260,35.8618,76.9,SYBR Results 2022-10-18 (2)
GPI (603-604),260,32.4334,77.3,SYBR Results 2022-10-18 (2)
GPI (603-604),261,31.0346,77.3,SYBR Results 2022-10-18 (2)
GPI (603-604),261,30.2937,77.3,SYBR Results 2022-10-18 (2)
GPI (603-604),261,30.8068,77.3,SYBR Results 2022-10-18 (2)
GPI (603-604),262,32.0349,76.6,SYBR Results 2022-10-18 (2)
GPI (603-604),262,31.4314,76.6,SYBR Results 2022-10-18 (2)
GPI (603-604),262,31.7508,76.6,SYBR Results 2022-10-18 (2)
CsRD19 (623-624),259,30.1412,73.2,SYBR Results 2022-10-18 (2)
CsRD19 (623-624),259,29.9812,73.5,SYBR Results 2022-10-18 (2)
CsRD19 (623-624),259,29.8825,73.5,SYBR Results 2022-10-18 (2)
CsRD19 (623-624),260,32.484,73.5,SYBR Results 2022-10-18 (2)
CsRD19 (623-624),260,32.1393,73.5,SYBR Results 2022-10-18 (2)
CsRD19 (623-624),260,32.3549,73.9,SYBR Results 2022-10-18 (2)
CsRD19 (623-624),261,30.2046,73.9,SYBR Results 2022-10-18 (2)
CsRD19 (623-624),261,30.0326,73.9,SYBR Results 2022-10-18 (2)
CsRD19 (623-624),261,30.1457,73.5,SYBR Results 2022-10-18 (2)
CsRD19 (623-624),262,30.5361,74.2,SYBR Results 2022-10-18 (2)
CsRD19 (623-624),262,30.629,74.2,SYBR Results 2022-10-18 (2)
CsRD19 (623-624),262,31.1114,73.9,SYBR Results 2022-10-18 (2)
CaAALP (627-628),259,27.5213,76.9,SYBR Results 2022-10-18 (2)
CaAALP (627-628),259,27.3035,76.9,SYBR Results 2022-10-18 (2)
CaAALP (627-628),259,27.211,77.3,SYBR Results 2022-10-18 (2)
CaAALP (627-628),260,30.0908,77.3,SYBR Results 2022-10-18 (2)
CaAALP (627-628),260,30.3659,77.3,SYBR Results 2022-10-18 (2)
CaAALP (627-628),260,30.1842,77.3,SYBR Results 2022-10-18 (2)
CaAALP (627-628),261,28.9052,77.3,SYBR Results 2022-10-18 (2)
CaAALP (627-628),261,29.0264,77.3,SYBR Results 2022-10-18 (2)
CaAALP (627-628),261,28.684,77.3,SYBR Results 2022-10-18 (2)
CaAALP (627-628),262,29.0405,77.3,SYBR Results 2022-10-18 (2)
CaAALP (627-628),262,28.9099,77.3,SYBR Results 2022-10-18 (2)
CaAALP (627-628),262,28.4007,77.3,SYBR Results 2022-10-18 (2)
SRG1B (631-632),259,31.1884,76.9,SYBR Results 2022-10-18 (2)
SRG1B (631-632),259,30.7461,76.9,SYBR Results 2022-10-18 (2)
SRG1B (631-632),259,31.0776,77.3,SYBR Results 2022-10-18 (2)
SRG1B (631-632),260,33.9348,77.3,SYBR Results 2022-10-18 (2)
SRG1B (631-632),260,33.0298,77.3,SYBR Results 2022-10-18 (2)
SRG1B (631-632),260,34.1058,77.3,SYBR Results 2022-10-18 (2)
SRG1B (631-632),261,30.6948,77.3,SYBR Results 2022-10-18 (2)
SRG1B (631-632),261,30.8904,77.6,SYBR Results 2022-10-18 (2)
SRG1B (631-632),261,31.4059,77.6,SYBR Results 2022-10-18 (2)
SRG1B (631-632),262,31.0757,77.3,SYBR Results 2022-10-18 (2)
SRG1B (631-632),262,NA,77.3,SYBR Results 2022-10-18 (2)
SRG1B (631-632),262,31.5328,76.9,SYBR Results 2022-10-18 (2)
Ferr (709-710),259,20.1385,79.4,SYBR Results 2022-10-18 (2)
Ferr (709-710),259,19.9538,79.7,SYBR Results 2022-10-18 (2)
Ferr (709-710),259,19.9225,79.7,SYBR Results 2022-10-18 (2)
Ferr (709-710),260,23.9069,80,SYBR Results 2022-10-18 (2)
Ferr (709-710),260,23.7451,80,SYBR Results 2022-10-18 (2)
Ferr (709-710),260,23.952,80,SYBR Results 2022-10-18 (2)
Ferr (709-710),261,20.989,80.4,SYBR Results 2022-10-18 (2)
Ferr (709-710),261,20.6947,80.4,SYBR Results 2022-10-18 (2)
Ferr (709-710),261,20.8893,80.4,SYBR Results 2022-10-18 (2)
Ferr (709-710),262,22.4528,80.4,SYBR Results 2022-10-18 (2)
Ferr (709-710),262,22.1897,80,SYBR Results 2022-10-18 (2)
Ferr (709-710),262,NA,Undetermined,SYBR Results 2022-10-18 (2)
NPR1 (547-548),259,29.9516,78.7,SYBR Results 2022-10-18 (2)
NPR1 (547-548),259,29.6472,79,SYBR Results 2022-10-18 (2)
NPR1 (547-548),259,29.8316,79,SYBR Results 2022-10-18 (2)
NPR1 (547-548),260,31.5191,79.4,SYBR Results 2022-10-18 (2)
NPR1 (547-548),260,31.2473,79.4,SYBR Results 2022-10-18 (2)
NPR1 (547-548),260,31.4837,79.4,SYBR Results 2022-10-18 (2)
NPR1 (547-548),261,30.1736,79.4,SYBR Results 2022-10-18 (2)
NPR1 (547-548),261,29.9765,79.4,SYBR Results 2022-10-18 (2)
NPR1 (547-548),261,29.6048,79.7,SYBR Results 2022-10-18 (2)
NPR1 (547-548),262,31.5587,79,SYBR Results 2022-10-18 (2)
NPR1 (547-548),262,32.0375,79,SYBR Results 2022-10-18 (2)
NPR1 (547-548),262,31.2034,79,SYBR Results 2022-10-18 (2)
GAPDH,259,21.0657,78.7,SYBR Results 2022-10-18 (2)
GAPDH,259,21.1765,79,SYBR Results 2022-10-18 (2)
GAPDH,259,20.9554,79,SYBR Results 2022-10-18 (2)
GAPDH,260,23.3743,79,SYBR Results 2022-10-18 (2)
GAPDH,260,23.3354,79.4,SYBR Results 2022-10-18 (2)
GAPDH,260,23.3706,79.4,SYBR Results 2022-10-18 (2)
GAPDH,261,21.2759,79.4,SYBR Results 2022-10-18 (2)
GAPDH,261,21.1809,79.4,SYBR Results 2022-10-18 (2)
GAPDH,261,21.1859,79.4,SYBR Results 2022-10-18 (2)
GAPDH,262,22.2109,79.4,SYBR Results 2022-10-18 (2)
GAPDH,262,21.9213,79.4,SYBR Results 2022-10-18 (2)
GAPDH,262,22.0232,79,SYBR Results 2022-10-18 (2)
GPI (603-604),263,31.0009,76.7,SYBR Results 2022-10-18 (3)
GPI (603-604),263,31.849,77,SYBR Results 2022-10-18 (3)
GPI (603-604),263,31.3919,77,SYBR Results 2022-10-18 (3)
GPI (603-604),264,28.2876,77,SYBR Results 2022-10-18 (3)
GPI (603-604),264,28.344,77.4,SYBR Results 2022-10-18 (3)
GPI (603-604),264,28.2823,77.4,SYBR Results 2022-10-18 (3)
GPI (603-604),265,27.9859,77.4,SYBR Results 2022-10-18 (3)
GPI (603-604),265,27.9112,77,SYBR Results 2022-10-18 (3)
GPI (603-604),265,28.3005,77,SYBR Results 2022-10-18 (3)
GPI (603-604),266,32.1611,76.7,SYBR Results 2022-10-18 (3)
GPI (603-604),266,32.9503,76.4,SYBR Results 2022-10-18 (3)
GPI (603-604),266,32.3211,76.4,SYBR Results 2022-10-18 (3)
CsRD19 (623-624),263,31.4282,73.2,SYBR Results 2022-10-18 (3)
CsRD19 (623-624),263,31.3132,73.6,SYBR Results 2022-10-18 (3)
CsRD19 (623-624),263,30.7646,73.6,SYBR Results 2022-10-18 (3)
CsRD19 (623-624),264,31.383,73.6,SYBR Results 2022-10-18 (3)
CsRD19 (623-624),264,31.2234,73.6,SYBR Results 2022-10-18 (3)
CsRD19 (623-624),264,31.2002,73.6,SYBR Results 2022-10-18 (3)
CsRD19 (623-624),265,31.9142,73.6,SYBR Results 2022-10-18 (3)
CsRD19 (623-624),265,31.5316,73.6,SYBR Results 2022-10-18 (3)
CsRD19 (623-624),265,31.116,73.6,SYBR Results 2022-10-18 (3)
CsRD19 (623-624),266,31.8546,74.3,SYBR Results 2022-10-18 (3)
CsRD19 (623-624),266,32.35,73.9,SYBR Results 2022-10-18 (3)
CsRD19 (623-624),266,31.8833,73.9,SYBR Results 2022-10-18 (3)
CaAALP (627-628),263,29.1045,76.7,SYBR Results 2022-10-18 (3)
CaAALP (627-628),263,28.9137,77,SYBR Results 2022-10-18 (3)
CaAALP (627-628),263,29.0787,77,SYBR Results 2022-10-18 (3)
CaAALP (627-628),264,28.4202,77,SYBR Results 2022-10-18 (3)
CaAALP (627-628),264,28.4715,77.4,SYBR Results 2022-10-18 (3)
CaAALP (627-628),264,28.7155,77.4,SYBR Results 2022-10-18 (3)
CaAALP (627-628),265,29.0547,77.4,SYBR Results 2022-10-18 (3)
CaAALP (627-628),265,28.6539,77.4,SYBR Results 2022-10-18 (3)
CaAALP (627-628),265,28.4639,77.4,SYBR Results 2022-10-18 (3)
CaAALP (627-628),266,29.605,77.4,SYBR Results 2022-10-18 (3)
CaAALP (627-628),266,29.3083,77.4,SYBR Results 2022-10-18 (3)
CaAALP (627-628),266,29.6338,77,SYBR Results 2022-10-18 (3)
SRG1B (631-632),263,31.3091,76.7,SYBR Results 2022-10-18 (3)
SRG1B (631-632),263,30.9791,77,SYBR Results 2022-10-18 (3)
SRG1B (631-632),263,30.901,77,SYBR Results 2022-10-18 (3)
SRG1B (631-632),264,31.1626,77.4,SYBR Results 2022-10-18 (3)
SRG1B (631-632),264,31.5235,77.4,SYBR Results 2022-10-18 (3)
SRG1B (631-632),264,31.5137,77.4,SYBR Results 2022-10-18 (3)
SRG1B (631-632),265,31.0706,77.4,SYBR Results 2022-10-18 (3)
SRG1B (631-632),265,30.6222,77.4,SYBR Results 2022-10-18 (3)
SRG1B (631-632),265,30.99,77.7,SYBR Results 2022-10-18 (3)
SRG1B (631-632),266,32.6285,77.4,SYBR Results 2022-10-18 (3)
SRG1B (631-632),266,33.1577,77.4,SYBR Results 2022-10-18 (3)
SRG1B (631-632),266,32.7202,77,SYBR Results 2022-10-18 (3)
Ferr (709-710),263,21.4236,79.5,SYBR Results 2022-10-18 (3)
Ferr (709-710),263,21.4061,79.5,SYBR Results 2022-10-18 (3)
Ferr (709-710),263,21.3506,79.8,SYBR Results 2022-10-18 (3)
Ferr (709-710),264,21.7325,79.8,SYBR Results 2022-10-18 (3)
Ferr (709-710),264,21.881,80.2,SYBR Results 2022-10-18 (3)
Ferr (709-710),264,21.8949,80.2,SYBR Results 2022-10-18 (3)
Ferr (709-710),265,22.6141,80.2,SYBR Results 2022-10-18 (3)
Ferr (709-710),265,22.5578,80.2,SYBR Results 2022-10-18 (3)
Ferr (709-710),265,22.5803,80.2,SYBR Results 2022-10-18 (3)
Ferr (709-710),266,22.5441,80.2,SYBR Results 2022-10-18 (3)
Ferr (709-710),266,23.6865,79.8,SYBR Results 2022-10-18 (3)
Ferr (709-710),266,22.5213,79.8,SYBR Results 2022-10-18 (3)
NPR1 (547-548),263,29.7921,78.8,SYBR Results 2022-10-18 (3)
NPR1 (547-548),263,30.4572,79.1,SYBR Results 2022-10-18 (3)
NPR1 (547-548),263,29.6801,79.1,SYBR Results 2022-10-18 (3)
NPR1 (547-548),264,27.3819,79.1,SYBR Results 2022-10-18 (3)
NPR1 (547-548),264,27.3679,79.5,SYBR Results 2022-10-18 (3)
NPR1 (547-548),264,27.3753,79.5,SYBR Results 2022-10-18 (3)
NPR1 (547-548),265,27.0738,79.5,SYBR Results 2022-10-18 (3)
NPR1 (547-548),265,27.3115,79.5,SYBR Results 2022-10-18 (3)
NPR1 (547-548),265,26.9639,79.5,SYBR Results 2022-10-18 (3)
NPR1 (547-548),266,32.6529,79.1,SYBR Results 2022-10-18 (3)
NPR1 (547-548),266,31.8346,79.1,SYBR Results 2022-10-18 (3)
NPR1 (547-548),266,31.9023,79.1,SYBR Results 2022-10-18 (3)
GAPDH,263,22.22,78.8,SYBR Results 2022-10-18 (3)
GAPDH,263,22.0453,79.1,SYBR Results 2022-10-18 (3)
GAPDH,263,22.0289,79.1,SYBR Results 2022-10-18 (3)
GAPDH,264,21.2254,79.1,SYBR Results 2022-10-18 (3)
GAPDH,264,21.1195,79.1,SYBR Results 2022-10-18 (3)
GAPDH,264,21.1029,79.5,SYBR Results 2022-10-18 (3)
GAPDH,265,19.1992,79.5,SYBR Results 2022-10-18 (3)
GAPDH,265,19.1,79.5,SYBR Results 2022-10-18 (3)
GAPDH,265,19.0894,79.5,SYBR Results 2022-10-18 (3)
GAPDH,266,23.2888,79.5,SYBR Results 2022-10-18 (3)
GAPDH,266,23.228,79.1,SYBR Results 2022-10-18 (3)
GAPDH,266,23.3176,79.1,SYBR Results 2022-10-18 (3)
GPI (603-604),267,NA,76.7,SYBR Results 2022-11-03 (1).xlsx
GPI (603-604),267,NA,65.4,SYBR Results 2022-11-03 (1).xlsx
GPI (603-604),267,NA,66.8,SYBR Results 2022-11-03 (1).xlsx
GPI (603-604),268,33.7121,77.4,SYBR Results 2022-11-03 (1).xlsx
GPI (603-604),268,33.3253,77.4,SYBR Results 2022-11-03 (1).xlsx
GPI (603-604),268,32.6085,77.4,SYBR Results 2022-11-03 (1).xlsx
GPI (603-604),269,31.0315,77.4,SYBR Results 2022-11-03 (1).xlsx
GPI (603-604),269,31.2169,77.4,SYBR Results 2022-11-03 (1).xlsx
GPI (603-604),269,30.6627,77.4,SYBR Results 2022-11-03 (1).xlsx
GPI (603-604),270,NA,66.1,SYBR Results 2022-11-03 (1).xlsx
GPI (603-604),270,NA,65.4,SYBR Results 2022-11-03 (1).xlsx
GPI (603-604),270,NA,65.4,SYBR Results 2022-11-03 (1).xlsx
CsRD19 (623-624),267,34.7814,73.3,SYBR Results 2022-11-03 (1).xlsx
CsRD19 (623-624),267,35.7105,73.3,SYBR Results 2022-11-03 (1).xlsx
CsRD19 (623-624),267,33.8788,73.6,SYBR Results 2022-11-03 (1).xlsx
CsRD19 (623-624),268,32.2116,73.6,SYBR Results 2022-11-03 (1).xlsx
CsRD19 (623-624),268,31.6072,74,SYBR Results 2022-11-03 (1).xlsx
CsRD19 (623-624),268,30.9447,74,SYBR Results 2022-11-03 (1).xlsx
CsRD19 (623-624),269,30.1604,74,SYBR Results 2022-11-03 (1).xlsx
CsRD19 (623-624),269,29.8714,74,SYBR Results 2022-11-03 (1).xlsx
CsRD19 (623-624),269,30.0127,74,SYBR Results 2022-11-03 (1).xlsx
CsRD19 (623-624),270,NA,74,SYBR Results 2022-11-03 (1).xlsx
CsRD19 (623-624),270,NA,70.9,SYBR Results 2022-11-03 (1).xlsx
CsRD19 (623-624),270,NA,66.4,SYBR Results 2022-11-03 (1).xlsx
CaAALP (627-628),267,31.2978,77.1,SYBR Results 2022-11-03 (1).xlsx
CaAALP (627-628),267,31.5993,77.1,SYBR Results 2022-11-03 (1).xlsx
CaAALP (627-628),267,31.7395,77.1,SYBR Results 2022-11-03 (1).xlsx
CaAALP (627-628),268,28.5932,77.4,SYBR Results 2022-11-03 (1).xlsx
CaAALP (627-628),268,28.8528,77.8,SYBR Results 2022-11-03 (1).xlsx
CaAALP (627-628),268,28.5107,77.8,SYBR Results 2022-11-03 (1).xlsx
CaAALP (627-628),269,28.3045,77.8,SYBR Results 2022-11-03 (1).xlsx
CaAALP (627-628),269,28.4322,77.8,SYBR Results 2022-11-03 (1).xlsx
CaAALP (627-628),269,28.2795,77.8,SYBR Results 2022-11-03 (1).xlsx
CaAALP (627-628),270,36.3892,77.1,SYBR Results 2022-11-03 (1).xlsx
CaAALP (627-628),270,36.6776,77.4,SYBR Results 2022-11-03 (1).xlsx
CaAALP (627-628),270,36.1278,77.1,SYBR Results 2022-11-03 (1).xlsx
SRG1B (631-632),267,34.6705,77.1,SYBR Results 2022-11-03 (1).xlsx
SRG1B (631-632),267,34.5077,77.4,SYBR Results 2022-11-03 (1).xlsx
SRG1B (631-632),267,34.0963,77.4,SYBR Results 2022-11-03 (1).xlsx
SRG1B (631-632),268,32.1321,77.4,SYBR Results 2022-11-03 (1).xlsx
SRG1B (631-632),268,32.0339,77.8,SYBR Results 2022-11-03 (1).xlsx
SRG1B (631-632),268,31.8582,77.8,SYBR Results 2022-11-03 (1).xlsx
SRG1B (631-632),269,31.3168,77.8,SYBR Results 2022-11-03 (1).xlsx
SRG1B (631-632),269,31.3482,77.8,SYBR Results 2022-11-03 (1).xlsx
SRG1B (631-632),269,31.5742,77.8,SYBR Results 2022-11-03 (1).xlsx
SRG1B (631-632),270,NA,68.8,SYBR Results 2022-11-03 (1).xlsx
SRG1B (631-632),270,NA,65.4,SYBR Results 2022-11-03 (1).xlsx
SRG1B (631-632),270,NA,65.4,SYBR Results 2022-11-03 (1).xlsx
Ferr (709-710),267,26.4615,79.9,SYBR Results 2022-11-03 (1).xlsx
Ferr (709-710),267,26.5713,79.9,SYBR Results 2022-11-03 (1).xlsx
Ferr (709-710),267,26.629,80.2,SYBR Results 2022-11-03 (1).xlsx
Ferr (709-710),268,22.0915,80.2,SYBR Results 2022-11-03 (1).xlsx
Ferr (709-710),268,22.1376,80.2,SYBR Results 2022-11-03 (1).xlsx
Ferr (709-710),268,22.1845,80.5,SYBR Results 2022-11-03 (1).xlsx
Ferr (709-710),269,21.797,80.5,SYBR Results 2022-11-03 (1).xlsx
Ferr (709-710),269,21.6944,80.5,SYBR Results 2022-11-03 (1).xlsx
Ferr (709-710),269,21.5728,80.5,SYBR Results 2022-11-03 (1).xlsx
Ferr (709-710),270,36.4046,80.5,SYBR Results 2022-11-03 (1).xlsx
Ferr (709-710),270,34.8461,80.2,SYBR Results 2022-11-03 (1).xlsx
Ferr (709-710),270,34.6297,80.2,SYBR Results 2022-11-03 (1).xlsx
NPR1 (547-548),267,34.1274,78.8,SYBR Results 2022-11-03 (1).xlsx
NPR1 (547-548),267,33.2355,79.2,SYBR Results 2022-11-03 (1).xlsx
NPR1 (547-548),267,34.1518,79.2,SYBR Results 2022-11-03 (1).xlsx
NPR1 (547-548),268,30.5312,79.5,SYBR Results 2022-11-03 (1).xlsx
NPR1 (547-548),268,29.8425,79.5,SYBR Results 2022-11-03 (1).xlsx
NPR1 (547-548),268,29.8188,79.9,SYBR Results 2022-11-03 (1).xlsx
NPR1 (547-548),269,29.5467,79.9,SYBR Results 2022-11-03 (1).xlsx
NPR1 (547-548),269,29.3913,79.9,SYBR Results 2022-11-03 (1).xlsx
NPR1 (547-548),269,29.1858,79.9,SYBR Results 2022-11-03 (1).xlsx
NPR1 (547-548),270,NA,65.4,SYBR Results 2022-11-03 (1).xlsx
NPR1 (547-548),270,NA,65.4,SYBR Results 2022-11-03 (1).xlsx
NPR1 (547-548),270,NA,79.2,SYBR Results 2022-11-03 (1).xlsx
GAPDH,267,25.7984,79.2,SYBR Results 2022-11-03 (1).xlsx
GAPDH,267,25.4539,79.2,SYBR Results 2022-11-03 (1).xlsx
GAPDH,267,25.2775,79.2,SYBR Results 2022-11-03 (1).xlsx
GAPDH,268,22.1037,79.5,SYBR Results 2022-11-03 (1).xlsx
GAPDH,268,22.0792,79.5,SYBR Results 2022-11-03 (1).xlsx
GAPDH,268,22.1334,79.5,SYBR Results 2022-11-03 (1).xlsx
GAPDH,269,21.556,79.9,SYBR Results 2022-11-03 (1).xlsx
GAPDH,269,21.5219,79.9,SYBR Results 2022-11-03 (1).xlsx
GAPDH,269,21.5554,79.9,SYBR Results 2022-11-03 (1).xlsx
GAPDH,270,30.7707,79.5,SYBR Results 2022-11-03 (1).xlsx
GAPDH,270,30.7474,79.5,SYBR Results 2022-11-03 (1).xlsx
GAPDH,270,31.0196,79.2,SYBR Results 2022-11-03 (1).xlsx
GPI (603-604),271,33.9949,77.2,SYBR Results 2022-11-03 (2).xlsx
GPI (603-604),271,34.6744,77.2,SYBR Results 2022-11-03 (2).xlsx
GPI (603-604),271,33.1419,77.2,SYBR Results 2022-11-03 (2).xlsx
GPI (603-604),272,29.7882,77.5,SYBR Results 2022-11-03 (2).xlsx
GPI (603-604),272,29.6828,77.5,SYBR Results 2022-11-03 (2).xlsx
GPI (603-604),272,29.3775,77.5,SYBR Results 2022-11-03 (2).xlsx
GPI (603-604),273,NA,65.7,SYBR Results 2022-11-03 (2).xlsx
GPI (603-604),273,NA,71.6,SYBR Results 2022-11-03 (2).xlsx
GPI (603-604),273,NA,66.8,SYBR Results 2022-11-03 (2).xlsx
GPI (603-604),274,32.1403,76.8,SYBR Results 2022-11-03 (2).xlsx
GPI (603-604),274,32.4881,76.8,SYBR Results 2022-11-03 (2).xlsx
GPI (603-604),274,33.0479,76.8,SYBR Results 2022-11-03 (2).xlsx
CsRD19 (623-624),271,31.935,73.3,SYBR Results 2022-11-03 (2).xlsx
CsRD19 (623-624),271,31.5527,73.7,SYBR Results 2022-11-03 (2).xlsx
CsRD19 (623-624),271,31.146,73.7,SYBR Results 2022-11-03 (2).xlsx
CsRD19 (623-624),272,31.7421,74,SYBR Results 2022-11-03 (2).xlsx
CsRD19 (623-624),272,32.8875,73.7,SYBR Results 2022-11-03 (2).xlsx
CsRD19 (623-624),272,32.2529,74,SYBR Results 2022-11-03 (2).xlsx
CsRD19 (623-624),273,NA,65.7,SYBR Results 2022-11-03 (2).xlsx
CsRD19 (623-624),273,NA,74.4,SYBR Results 2022-11-03 (2).xlsx
CsRD19 (623-624),273,NA,66.8,SYBR Results 2022-11-03 (2).xlsx
CsRD19 (623-624),274,32.4443,74.4,SYBR Results 2022-11-03 (2).xlsx
CsRD19 (623-624),274,31.2461,74.4,SYBR Results 2022-11-03 (2).xlsx
CsRD19 (623-624),274,31.6332,74.4,SYBR Results 2022-11-03 (2).xlsx
CaAALP (627-628),271,30.5275,76.8,SYBR Results 2022-11-03 (2).xlsx
CaAALP (627-628),271,30.6608,77.2,SYBR Results 2022-11-03 (2).xlsx
CaAALP (627-628),271,30.5308,77.5,SYBR Results 2022-11-03 (2).xlsx
CaAALP (627-628),272,29.6752,77.5,SYBR Results 2022-11-03 (2).xlsx
CaAALP (627-628),272,29.887,77.5,SYBR Results 2022-11-03 (2).xlsx
CaAALP (627-628),272,29.6004,77.5,SYBR Results 2022-11-03 (2).xlsx
CaAALP (627-628),273,35.0845,77.2,SYBR Results 2022-11-03 (2).xlsx
CaAALP (627-628),273,NA,65.7,SYBR Results 2022-11-03 (2).xlsx
CaAALP (627-628),273,34.3669,77.5,SYBR Results 2022-11-03 (2).xlsx
CaAALP (627-628),274,30.4875,77.8,SYBR Results 2022-11-03 (2).xlsx
CaAALP (627-628),274,29.64,77.5,SYBR Results 2022-11-03 (2).xlsx
CaAALP (627-628),274,30.0127,77.5,SYBR Results 2022-11-03 (2).xlsx
SRG1B (631-632),271,33.7109,77.2,SYBR Results 2022-11-03 (2).xlsx
SRG1B (631-632),271,32.3814,77.2,SYBR Results 2022-11-03 (2).xlsx
SRG1B (631-632),271,33.3852,77.5,SYBR Results 2022-11-03 (2).xlsx
SRG1B (631-632),272,32.8671,77.5,SYBR Results 2022-11-03 (2).xlsx
SRG1B (631-632),272,32.5645,77.5,SYBR Results 2022-11-03 (2).xlsx
SRG1B (631-632),272,32.5342,77.8,SYBR Results 2022-11-03 (2).xlsx
SRG1B (631-632),273,NA,67.8,SYBR Results 2022-11-03 (2).xlsx
SRG1B (631-632),273,NA,66.8,SYBR Results 2022-11-03 (2).xlsx
SRG1B (631-632),273,NA,84.4,SYBR Results 2022-11-03 (2).xlsx
SRG1B (631-632),274,32.3682,77.8,SYBR Results 2022-11-03 (2).xlsx
SRG1B (631-632),274,32.8594,77.5,SYBR Results 2022-11-03 (2).xlsx
SRG1B (631-632),274,32.3608,77.2,SYBR Results 2022-11-03 (2).xlsx
Ferr (709-710),271,23.8166,79.9,SYBR Results 2022-11-03 (2).xlsx
Ferr (709-710),271,23.6514,79.9,SYBR Results 2022-11-03 (2).xlsx
Ferr (709-710),271,23.6788,80.3,SYBR Results 2022-11-03 (2).xlsx
Ferr (709-710),272,25.3018,80.3,SYBR Results 2022-11-03 (2).xlsx
Ferr (709-710),272,25.2045,80.3,SYBR Results 2022-11-03 (2).xlsx
Ferr (709-710),272,25.3048,80.3,SYBR Results 2022-11-03 (2).xlsx
Ferr (709-710),273,36.8296,80.3,SYBR Results 2022-11-03 (2).xlsx
Ferr (709-710),273,NA,80.3,SYBR Results 2022-11-03 (2).xlsx
Ferr (709-710),273,34.829,80.6,SYBR Results 2022-11-03 (2).xlsx
Ferr (709-710),274,22.9948,80.6,SYBR Results 2022-11-03 (2).xlsx
Ferr (709-710),274,22.8449,80.3,SYBR Results 2022-11-03 (2).xlsx
Ferr (709-710),274,22.7379,80.3,SYBR Results 2022-11-03 (2).xlsx
NPR1 (547-548),271,30.789,79.2,SYBR Results 2022-11-03 (2).xlsx
NPR1 (547-548),271,30.493,79.2,SYBR Results 2022-11-03 (2).xlsx
NPR1 (547-548),271,31.1358,79.6,SYBR Results 2022-11-03 (2).xlsx
NPR1 (547-548),272,29.5998,79.6,SYBR Results 2022-11-03 (2).xlsx
NPR1 (547-548),272,29.4093,79.6,SYBR Results 2022-11-03 (2).xlsx
NPR1 (547-548),272,29.6296,79.6,SYBR Results 2022-11-03 (2).xlsx
NPR1 (547-548),273,NA,79.6,SYBR Results 2022-11-03 (2).xlsx
NPR1 (547-548),273,NA,65.7,SYBR Results 2022-11-03 (2).xlsx
NPR1 (547-548),273,NA,65.7,SYBR Results 2022-11-03 (2).xlsx
NPR1 (547-548),274,34.7097,79.6,SYBR Results 2022-11-03 (2).xlsx
NPR1 (547-548),274,33.5916,79.2,SYBR Results 2022-11-03 (2).xlsx
NPR1 (547-548),274,33.6884,79.6,SYBR Results 2022-11-03 (2).xlsx
GAPDH,271,23.1373,79.2,SYBR Results 2022-11-03 (2).xlsx
GAPDH,271,23.0016,79.2,SYBR Results 2022-11-03 (2).xlsx
GAPDH,271,22.8751,79.2,SYBR Results 2022-11-03 (2).xlsx
GAPDH,272,20.7621,79.6,SYBR Results 2022-11-03 (2).xlsx
GAPDH,272,20.6747,79.6,SYBR Results 2022-11-03 (2).xlsx
GAPDH,272,20.6492,79.6,SYBR Results 2022-11-03 (2).xlsx
GAPDH,273,31.2924,79.6,SYBR Results 2022-11-03 (2).xlsx
GAPDH,273,30.9058,79.6,SYBR Results 2022-11-03 (2).xlsx
GAPDH,273,31.1744,79.6,SYBR Results 2022-11-03 (2).xlsx
GAPDH,274,22.5567,79.6,SYBR Results 2022-11-03 (2).xlsx
GAPDH,274,22.5784,79.6,SYBR Results 2022-11-03 (2).xlsx
GAPDH,274,22.6202,79.6,SYBR Results 2022-11-03 (2).xlsx
GPI (603-604),275,32.1899,76.3,SYBR Results 2022-11-03 (3).xlsx
GPI (603-604),275,32.0072,76.3,SYBR Results 2022-11-03 (3).xlsx
GPI (603-604),275,31.3311,76.3,SYBR Results 2022-11-03 (3).xlsx
GPI (603-604),276,34.4523,77,SYBR Results 2022-11-03 (3).xlsx
GPI (603-604),276,35.069,77.3,SYBR Results 2022-11-03 (3).xlsx
GPI (603-604),276,35.5718,77,SYBR Results 2022-11-03 (3).xlsx
GPI (603-604),277,33.1513,77.3,SYBR Results 2022-11-03 (3).xlsx
GPI (603-604),277,32.5634,77.3,SYBR Results 2022-11-03 (3).xlsx
GPI (603-604),277,32.2911,77.3,SYBR Results 2022-11-03 (3).xlsx
GPI (603-604),278,28.1138,77.3,SYBR Results 2022-11-03 (3).xlsx
GPI (603-604),278,28.154,77,SYBR Results 2022-11-03 (3).xlsx
GPI (603-604),278,27.85,77,SYBR Results 2022-11-03 (3).xlsx
CsRD19 (623-624),275,31.4822,73.6,SYBR Results 2022-11-03 (3).xlsx
CsRD19 (623-624),275,31.2275,73.9,SYBR Results 2022-11-03 (3).xlsx
CsRD19 (623-624),275,31.0311,74.3,SYBR Results 2022-11-03 (3).xlsx
CsRD19 (623-624),276,31.6557,73.6,SYBR Results 2022-11-03 (3).xlsx
CsRD19 (623-624),276,31.7447,73.6,SYBR Results 2022-11-03 (3).xlsx
CsRD19 (623-624),276,32.1509,73.6,SYBR Results 2022-11-03 (3).xlsx
CsRD19 (623-624),277,30.5128,73.9,SYBR Results 2022-11-03 (3).xlsx
CsRD19 (623-624),277,30.3854,73.9,SYBR Results 2022-11-03 (3).xlsx
CsRD19 (623-624),277,30.3519,73.6,SYBR Results 2022-11-03 (3).xlsx
CsRD19 (623-624),278,31.511,73.6,SYBR Results 2022-11-03 (3).xlsx
CsRD19 (623-624),278,31.3601,73.6,SYBR Results 2022-11-03 (3).xlsx
CsRD19 (623-624),278,31.2382,73.2,SYBR Results 2022-11-03 (3).xlsx
CaAALP (627-628),275,29.2903,77,SYBR Results 2022-11-03 (3).xlsx
CaAALP (627-628),275,29.5583,77,SYBR Results 2022-11-03 (3).xlsx
CaAALP (627-628),275,29.2154,77.3,SYBR Results 2022-11-03 (3).xlsx
CaAALP (627-628),276,29.6825,77.3,SYBR Results 2022-11-03 (3).xlsx
CaAALP (627-628),276,30.0734,77.3,SYBR Results 2022-11-03 (3).xlsx
CaAALP (627-628),276,30.0189,77.3,SYBR Results 2022-11-03 (3).xlsx
CaAALP (627-628),277,28.2368,77.7,SYBR Results 2022-11-03 (3).xlsx
CaAALP (627-628),277,28.2899,77.7,SYBR Results 2022-11-03 (3).xlsx
CaAALP (627-628),277,28.2024,77.7,SYBR Results 2022-11-03 (3).xlsx
CaAALP (627-628),278,28.9573,77.3,SYBR Results 2022-11-03 (3).xlsx
CaAALP (627-628),278,28.9291,77.3,SYBR Results 2022-11-03 (3).xlsx
CaAALP (627-628),278,28.7924,77,SYBR Results 2022-11-03 (3).xlsx
SRG1B (631-632),275,32.52,76.7,SYBR Results 2022-11-03 (3).xlsx
SRG1B (631-632),275,32.2,77,SYBR Results 2022-11-03 (3).xlsx
SRG1B (631-632),275,31.651,77,SYBR Results 2022-11-03 (3).xlsx
SRG1B (631-632),276,32.6235,77.3,SYBR Results 2022-11-03 (3).xlsx
SRG1B (631-632),276,32.994,77.7,SYBR Results 2022-11-03 (3).xlsx
SRG1B (631-632),276,32.0635,77.7,SYBR Results 2022-11-03 (3).xlsx
SRG1B (631-632),277,31.0905,77.7,SYBR Results 2022-11-03 (3).xlsx
SRG1B (631-632),277,30.9813,77.7,SYBR Results 2022-11-03 (3).xlsx
SRG1B (631-632),277,31.4806,77.7,SYBR Results 2022-11-03 (3).xlsx
SRG1B (631-632),278,31.2598,77.7,SYBR Results 2022-11-03 (3).xlsx
SRG1B (631-632),278,31.0517,77.3,SYBR Results 2022-11-03 (3).xlsx
SRG1B (631-632),278,31.1365,77.3,SYBR Results 2022-11-03 (3).xlsx
Ferr (709-710),275,22.7628,79.7,SYBR Results 2022-11-03 (3).xlsx
Ferr (709-710),275,22.3994,79.7,SYBR Results 2022-11-03 (3).xlsx
Ferr (709-710),275,22.4001,80.1,SYBR Results 2022-11-03 (3).xlsx
Ferr (709-710),276,23.8841,80.1,SYBR Results 2022-11-03 (3).xlsx
Ferr (709-710),276,23.8971,80.1,SYBR Results 2022-11-03 (3).xlsx
Ferr (709-710),276,24.0751,80.1,SYBR Results 2022-11-03 (3).xlsx
Ferr (709-710),277,21.2277,80.1,SYBR Results 2022-11-03 (3).xlsx
Ferr (709-710),277,21.1416,80.4,SYBR Results 2022-11-03 (3).xlsx
Ferr (709-710),277,21.1074,80.4,SYBR Results 2022-11-03 (3).xlsx
Ferr (709-710),278,21.8374,80.4,SYBR Results 2022-11-03 (3).xlsx
Ferr (709-710),278,21.6452,80.1,SYBR Results 2022-11-03 (3).xlsx
Ferr (709-710),278,21.6679,80.1,SYBR Results 2022-11-03 (3).xlsx
NPR1 (547-548),275,32.3159,78.4,SYBR Results 2022-11-03 (3).xlsx
NPR1 (547-548),275,32.0468,78.7,SYBR Results 2022-11-03 (3).xlsx
NPR1 (547-548),275,33.0292,79.1,SYBR Results 2022-11-03 (3).xlsx
NPR1 (547-548),276,31.1138,79.4,SYBR Results 2022-11-03 (3).xlsx
NPR1 (547-548),276,30.7293,79.4,SYBR Results 2022-11-03 (3).xlsx
NPR1 (547-548),276,30.9454,79.4,SYBR Results 2022-11-03 (3).xlsx
NPR1 (547-548),277,29.2735,79.4,SYBR Results 2022-11-03 (3).xlsx
NPR1 (547-548),277,28.9716,79.7,SYBR Results 2022-11-03 (3).xlsx
NPR1 (547-548),277,28.9922,79.7,SYBR Results 2022-11-03 (3).xlsx
NPR1 (547-548),278,27.5244,79.7,SYBR Results 2022-11-03 (3).xlsx
NPR1 (547-548),278,27.624,79.4,SYBR Results 2022-11-03 (3).xlsx
NPR1 (547-548),278,27.5757,79.4,SYBR Results 2022-11-03 (3).xlsx
GAPDH,275,22.8572,78.7,SYBR Results 2022-11-03 (3).xlsx
GAPDH,275,22.8349,79.1,SYBR Results 2022-11-03 (3).xlsx
GAPDH,275,22.7564,79.1,SYBR Results 2022-11-03 (3).xlsx
GAPDH,276,22.8086,79.1,SYBR Results 2022-11-03 (3).xlsx
GAPDH,276,22.6825,79.4,SYBR Results 2022-11-03 (3).xlsx
GAPDH,276,22.6205,79.4,SYBR Results 2022-11-03 (3).xlsx
GAPDH,277,21.2092,79.4,SYBR Results 2022-11-03 (3).xlsx
GAPDH,277,21.1819,79.4,SYBR Results 2022-11-03 (3).xlsx
GAPDH,277,21.3622,79.4,SYBR Results 2022-11-03 (3).xlsx
GAPDH,278,20.1696,79.4,SYBR Results 2022-11-03 (3).xlsx
GAPDH,278,20.388,79.4,SYBR Results 2022-11-03 (3).xlsx
GAPDH,278,20.2271,79.1,SYBR Results 2022-11-03 (3).xlsx
GPI (603-604),279,NA,70.5,SYBR Results 2022-11-07 (1).xlsx
GPI (603-604),279,35.0893,76.6,SYBR Results 2022-11-07 (1).xlsx
GPI (603-604),279,34.6364,77,SYBR Results 2022-11-07 (1).xlsx
GPI (603-604),280,32.2059,77,SYBR Results 2022-11-07 (1).xlsx
GPI (603-604),280,32.1131,77.3,SYBR Results 2022-11-07 (1).xlsx
GPI (603-604),280,31.4829,77.3,SYBR Results 2022-11-07 (1).xlsx
GPI (603-604),281,29.442,77.3,SYBR Results 2022-11-07 (1).xlsx
GPI (603-604),281,29.601,77.3,SYBR Results 2022-11-07 (1).xlsx
GPI (603-604),281,29.0628,77,SYBR Results 2022-11-07 (1).xlsx
GPI (603-604),282,NA,67.5,SYBR Results 2022-11-07 (1).xlsx
GPI (603-604),282,NA,66.1,SYBR Results 2022-11-07 (1).xlsx
GPI (603-604),282,NA,66.1,SYBR Results 2022-11-07 (1).xlsx
CsRD19 (623-624),279,33.921,73.2,SYBR Results 2022-11-07 (1).xlsx
CsRD19 (623-624),279,35.1061,73.2,SYBR Results 2022-11-07 (1).xlsx
CsRD19 (623-624),279,33.994,73.2,SYBR Results 2022-11-07 (1).xlsx
CsRD19 (623-624),280,30.1208,73.6,SYBR Results 2022-11-07 (1).xlsx
CsRD19 (623-624),280,30.0317,73.6,SYBR Results 2022-11-07 (1).xlsx
CsRD19 (623-624),280,30.3329,73.6,SYBR Results 2022-11-07 (1).xlsx
CsRD19 (623-624),281,29.9262,73.6,SYBR Results 2022-11-07 (1).xlsx
CsRD19 (623-624),281,30.1201,73.6,SYBR Results 2022-11-07 (1).xlsx
CsRD19 (623-624),281,29.6001,73.6,SYBR Results 2022-11-07 (1).xlsx
CsRD19 (623-624),282,36.7428,73.2,SYBR Results 2022-11-07 (1).xlsx
CsRD19 (623-624),282,36.6432,73.2,SYBR Results 2022-11-07 (1).xlsx
CsRD19 (623-624),282,36.7272,72.9,SYBR Results 2022-11-07 (1).xlsx
CaAALP (627-628),279,32.1791,76.6,SYBR Results 2022-11-07 (1).xlsx
CaAALP (627-628),279,32.2885,76.6,SYBR Results 2022-11-07 (1).xlsx
CaAALP (627-628),279,32.6026,76.6,SYBR Results 2022-11-07 (1).xlsx
CaAALP (627-628),280,27.6368,77.3,SYBR Results 2022-11-07 (1).xlsx
CaAALP (627-628),280,27.6889,77.3,SYBR Results 2022-11-07 (1).xlsx
CaAALP (627-628),280,27.6311,77.3,SYBR Results 2022-11-07 (1).xlsx
CaAALP (627-628),281,27.5753,77.3,SYBR Results 2022-11-07 (1).xlsx
CaAALP (627-628),281,27.4338,77.3,SYBR Results 2022-11-07 (1).xlsx
CaAALP (627-628),281,27.4807,77.3,SYBR Results 2022-11-07 (1).xlsx
CaAALP (627-628),282,34.4713,77,SYBR Results 2022-11-07 (1).xlsx
CaAALP (627-628),282,35.9245,77,SYBR Results 2022-11-07 (1).xlsx
CaAALP (627-628),282,34.7443,76.6,SYBR Results 2022-11-07 (1).xlsx
SRG1B (631-632),279,34.4341,77,SYBR Results 2022-11-07 (1).xlsx
SRG1B (631-632),279,33.9247,77,SYBR Results 2022-11-07 (1).xlsx
SRG1B (631-632),279,35.8787,77,SYBR Results 2022-11-07 (1).xlsx
SRG1B (631-632),280,31.2847,77.3,SYBR Results 2022-11-07 (1).xlsx
SRG1B (631-632),280,31.4676,77.3,SYBR Results 2022-11-07 (1).xlsx
SRG1B (631-632),280,32.2447,77.3,SYBR Results 2022-11-07 (1).xlsx
SRG1B (631-632),281,30.7767,77.3,SYBR Results 2022-11-07 (1).xlsx
SRG1B (631-632),281,31.0612,77.3,SYBR Results 2022-11-07 (1).xlsx
SRG1B (631-632),281,31.2779,77.7,SYBR Results 2022-11-07 (1).xlsx
SRG1B (631-632),282,NA,65.4,SYBR Results 2022-11-07 (1).xlsx
SRG1B (631-632),282,NA,66.1,SYBR Results 2022-11-07 (1).xlsx
SRG1B (631-632),282,NA,65.8,SYBR Results 2022-11-07 (1).xlsx
Ferr (709-710),279,27.5188,79.7,SYBR Results 2022-11-07 (1).xlsx
Ferr (709-710),279,27.3134,79.7,SYBR Results 2022-11-07 (1).xlsx
Ferr (709-710),279,27.3271,79.7,SYBR Results 2022-11-07 (1).xlsx
Ferr (709-710),280,21.8451,80,SYBR Results 2022-11-07 (1).xlsx
Ferr (709-710),280,21.8549,80,SYBR Results 2022-11-07 (1).xlsx
Ferr (709-710),280,21.8419,80,SYBR Results 2022-11-07 (1).xlsx
Ferr (709-710),281,21.8148,80,SYBR Results 2022-11-07 (1).xlsx
Ferr (709-710),281,21.7447,80,SYBR Results 2022-11-07 (1).xlsx
Ferr (709-710),281,21.5734,80.4,SYBR Results 2022-11-07 (1).xlsx
Ferr (709-710),282,34.3588,80.4,SYBR Results 2022-11-07 (1).xlsx
Ferr (709-710),282,34.6609,80,SYBR Results 2022-11-07 (1).xlsx
Ferr (709-710),282,34.1201,79.7,SYBR Results 2022-11-07 (1).xlsx
NPR1 (547-548),279,36.0378,78.7,SYBR Results 2022-11-07 (1).xlsx
NPR1 (547-548),279,33.38,79,SYBR Results 2022-11-07 (1).xlsx
NPR1 (547-548),279,35.8187,79,SYBR Results 2022-11-07 (1).xlsx
NPR1 (547-548),280,29.4972,79.4,SYBR Results 2022-11-07 (1).xlsx
NPR1 (547-548),280,29.3935,79.4,SYBR Results 2022-11-07 (1).xlsx
NPR1 (547-548),280,29.2801,79.4,SYBR Results 2022-11-07 (1).xlsx
NPR1 (547-548),281,29.0559,79.4,SYBR Results 2022-11-07 (1).xlsx
NPR1 (547-548),281,29.0199,79.4,SYBR Results 2022-11-07 (1).xlsx
NPR1 (547-548),281,28.8806,79.7,SYBR Results 2022-11-07 (1).xlsx
NPR1 (547-548),282,NA,65.4,SYBR Results 2022-11-07 (1).xlsx
NPR1 (547-548),282,NA,79.4,SYBR Results 2022-11-07 (1).xlsx
NPR1 (547-548),282,NA,65.4,SYBR Results 2022-11-07 (1).xlsx
GAPDH,279,26.1565,78.7,SYBR Results 2022-11-07 (1).xlsx
GAPDH,279,26.0411,79,SYBR Results 2022-11-07 (1).xlsx
GAPDH,279,26.0517,79,SYBR Results 2022-11-07 (1).xlsx
GAPDH,280,21.9318,79,SYBR Results 2022-11-07 (1).xlsx
GAPDH,280,21.5822,79.4,SYBR Results 2022-11-07 (1).xlsx
GAPDH,280,21.5713,79.4,SYBR Results 2022-11-07 (1).xlsx
GAPDH,281,21.23,79.4,SYBR Results 2022-11-07 (1).xlsx
GAPDH,281,21.2357,79.4,SYBR Results 2022-11-07 (1).xlsx
GAPDH,281,21.2306,79.4,SYBR Results 2022-11-07 (1).xlsx
GAPDH,282,30.4228,79,SYBR Results 2022-11-07 (1).xlsx
GAPDH,282,30.8148,79,SYBR Results 2022-11-07 (1).xlsx
GAPDH,282,30.4617,79,SYBR Results 2022-11-07 (1).xlsx
GPI (603-604),283,32.2944,76.7,SYBR Results 2022-11-07 (2).xlsx
GPI (603-604),283,32.4441,76.7,SYBR Results 2022-11-07 (2).xlsx
GPI (603-604),283,32.0857,77.1,SYBR Results 2022-11-07 (2).xlsx
GPI (603-604),284,28.0846,77.1,SYBR Results 2022-11-07 (2).xlsx
GPI (603-604),284,27.937,77.1,SYBR Results 2022-11-07 (2).xlsx
GPI (603-604),284,28.1069,77.4,SYBR Results 2022-11-07 (2).xlsx
GPI (603-604),285,NA,65.4,SYBR Results 2022-11-07 (2).xlsx
GPI (603-604),285,NA,65.4,SYBR Results 2022-11-07 (2).xlsx
GPI (603-604),285,NA,65.4,SYBR Results 2022-11-07 (2).xlsx
GPI (603-604),286,32.2949,77.1,SYBR Results 2022-11-07 (2).xlsx
GPI (603-604),286,31.4819,77.1,SYBR Results 2022-11-07 (2).xlsx
GPI (603-604),286,31.437,77.1,SYBR Results 2022-11-07 (2).xlsx
CsRD19 (623-624),283,30.3519,72.9,SYBR Results 2022-11-07 (2).xlsx
CsRD19 (623-624),283,30.0766,73.3,SYBR Results 2022-11-07 (2).xlsx
CsRD19 (623-624),283,30.0082,73.3,SYBR Results 2022-11-07 (2).xlsx
CsRD19 (623-624),284,30.365,73.6,SYBR Results 2022-11-07 (2).xlsx
CsRD19 (623-624),284,30.7366,73.6,SYBR Results 2022-11-07 (2).xlsx
CsRD19 (623-624),284,30.5977,73.6,SYBR Results 2022-11-07 (2).xlsx
CsRD19 (623-624),285,35.2406,73.6,SYBR Results 2022-11-07 (2).xlsx
CsRD19 (623-624),285,NA,65.4,SYBR Results 2022-11-07 (2).xlsx
CsRD19 (623-624),285,36.6217,73.3,SYBR Results 2022-11-07 (2).xlsx
CsRD19 (623-624),286,30.3024,73.6,SYBR Results 2022-11-07 (2).xlsx
CsRD19 (623-624),286,30.4329,73.6,SYBR Results 2022-11-07 (2).xlsx
CsRD19 (623-624),286,30.3416,73.3,SYBR Results 2022-11-07 (2).xlsx
CaAALP (627-628),283,28.7906,76.7,SYBR Results 2022-11-07 (2).xlsx
CaAALP (627-628),283,28.9437,77.1,SYBR Results 2022-11-07 (2).xlsx
CaAALP (627-628),283,28.7107,77.1,SYBR Results 2022-11-07 (2).xlsx
CaAALP (627-628),284,28.5655,77.1,SYBR Results 2022-11-07 (2).xlsx
CaAALP (627-628),284,28.3117,77.4,SYBR Results 2022-11-07 (2).xlsx
CaAALP (627-628),284,28.4032,77.4,SYBR Results 2022-11-07 (2).xlsx
CaAALP (627-628),285,33.0368,77.1,SYBR Results 2022-11-07 (2).xlsx
CaAALP (627-628),285,32.9238,77.1,SYBR Results 2022-11-07 (2).xlsx
CaAALP (627-628),285,32.8427,77.1,SYBR Results 2022-11-07 (2).xlsx
CaAALP (627-628),286,27.6563,77.4,SYBR Results 2022-11-07 (2).xlsx
CaAALP (627-628),286,27.6062,77.4,SYBR Results 2022-11-07 (2).xlsx
CaAALP (627-628),286,27.5295,77.1,SYBR Results 2022-11-07 (2).xlsx
SRG1B (631-632),283,30.8814,76.7,SYBR Results 2022-11-07 (2).xlsx
SRG1B (631-632),283,31.3378,77.1,SYBR Results 2022-11-07 (2).xlsx
SRG1B (631-632),283,31.2706,77.1,SYBR Results 2022-11-07 (2).xlsx
SRG1B (631-632),284,30.5577,77.4,SYBR Results 2022-11-07 (2).xlsx
SRG1B (631-632),284,30.4629,77.4,SYBR Results 2022-11-07 (2).xlsx
SRG1B (631-632),284,30.1596,77.4,SYBR Results 2022-11-07 (2).xlsx
SRG1B (631-632),285,36.3553,77.4,SYBR Results 2022-11-07 (2).xlsx
SRG1B (631-632),285,NA,65.4,SYBR Results 2022-11-07 (2).xlsx
SRG1B (631-632),285,36.0812,77.4,SYBR Results 2022-11-07 (2).xlsx
SRG1B (631-632),286,31.2422,77.4,SYBR Results 2022-11-07 (2).xlsx
SRG1B (631-632),286,31.2246,77.4,SYBR Results 2022-11-07 (2).xlsx
SRG1B (631-632),286,32.4599,77.1,SYBR Results 2022-11-07 (2).xlsx
Ferr (709-710),283,21.901,79.5,SYBR Results 2022-11-07 (2).xlsx
Ferr (709-710),283,21.7829,79.8,SYBR Results 2022-11-07 (2).xlsx
Ferr (709-710),283,21.862,79.8,SYBR Results 2022-11-07 (2).xlsx
Ferr (709-710),284,22.0719,79.8,SYBR Results 2022-11-07 (2).xlsx
Ferr (709-710),284,22.0434,80.2,SYBR Results 2022-11-07 (2).xlsx
Ferr (709-710),284,22.1307,80.2,SYBR Results 2022-11-07 (2).xlsx
Ferr (709-710),285,28.0986,80.2,SYBR Results 2022-11-07 (2).xlsx
Ferr (709-710),285,NA,67.8,SYBR Results 2022-11-07 (2).xlsx
Ferr (709-710),285,27.6348,80.2,SYBR Results 2022-11-07 (2).xlsx
Ferr (709-710),286,21.1017,80.2,SYBR Results 2022-11-07 (2).xlsx
Ferr (709-710),286,21.0184,80.2,SYBR Results 2022-11-07 (2).xlsx
Ferr (709-710),286,21.1311,79.8,SYBR Results 2022-11-07 (2).xlsx
NPR1 (547-548),283,29.0165,78.8,SYBR Results 2022-11-07 (2).xlsx
NPR1 (547-548),283,28.646,79.1,SYBR Results 2022-11-07 (2).xlsx
NPR1 (547-548),283,28.8376,79.1,SYBR Results 2022-11-07 (2).xlsx
NPR1 (547-548),284,27.592,79.1,SYBR Results 2022-11-07 (2).xlsx
NPR1 (547-548),284,27.6569,79.5,SYBR Results 2022-11-07 (2).xlsx
NPR1 (547-548),284,27.6618,79.5,SYBR Results 2022-11-07 (2).xlsx
NPR1 (547-548),285,35.9002,79.5,SYBR Results 2022-11-07 (2).xlsx
NPR1 (547-548),285,35.0752,79.5,SYBR Results 2022-11-07 (2).xlsx
NPR1 (547-548),285,NA,65.4,SYBR Results 2022-11-07 (2).xlsx
NPR1 (547-548),286,29.3231,79.5,SYBR Results 2022-11-07 (2).xlsx
NPR1 (547-548),286,29.3067,79.5,SYBR Results 2022-11-07 (2).xlsx
NPR1 (547-548),286,29.2713,79.1,SYBR Results 2022-11-07 (2).xlsx
GAPDH,283,21.9306,78.8,SYBR Results 2022-11-07 (2).xlsx
GAPDH,283,21.7901,79.1,SYBR Results 2022-11-07 (2).xlsx
GAPDH,283,21.7437,79.1,SYBR Results 2022-11-07 (2).xlsx
GAPDH,284,20.8278,79.1,SYBR Results 2022-11-07 (2).xlsx
GAPDH,284,20.7949,79.1,SYBR Results 2022-11-07 (2).xlsx
GAPDH,284,20.8537,79.5,SYBR Results 2022-11-07 (2).xlsx
GAPDH,285,27.1435,79.1,SYBR Results 2022-11-07 (2).xlsx
GAPDH,285,26.6306,79.5,SYBR Results 2022-11-07 (2).xlsx
GAPDH,285,26.7306,79.1,SYBR Results 2022-11-07 (2).xlsx
GAPDH,286,21.2523,79.1,SYBR Results 2022-11-07 (2).xlsx
GAPDH,286,21.1827,79.1,SYBR Results 2022-11-07 (2).xlsx
GAPDH,286,21.1798,79.1,SYBR Results 2022-11-07 (2).xlsx
GPI (603-604),287,30.1974,76.8,SYBR Results 2022-11-07 (3).xlsx
GPI (603-604),287,30.0341,76.8,SYBR Results 2022-11-07 (3).xlsx
GPI (603-604),287,29.8462,77.1,SYBR Results 2022-11-07 (3).xlsx
GPI (603-604),288,NA,65.5,SYBR Results 2022-11-07 (3).xlsx
GPI (603-604),288,NA,65.5,SYBR Results 2022-11-07 (3).xlsx
GPI (603-604),288,NA,76.8,SYBR Results 2022-11-07 (3).xlsx
GPI (603-604),289,33.3001,76.8,SYBR Results 2022-11-07 (3).xlsx
GPI (603-604),289,33.5405,76.8,SYBR Results 2022-11-07 (3).xlsx
GPI (603-604),289,32.5952,76.4,SYBR Results 2022-11-07 (3).xlsx
GPI (603-604),290,31.5288,76.4,SYBR Results 2022-11-07 (3).xlsx
GPI (603-604),290,31.8019,76.4,SYBR Results 2022-11-07 (3).xlsx
GPI (603-604),290,32.1371,76.4,SYBR Results 2022-11-07 (3).xlsx
CsRD19 (623-624),287,30.1903,73,SYBR Results 2022-11-07 (3).xlsx
CsRD19 (623-624),287,30.095,73.3,SYBR Results 2022-11-07 (3).xlsx
CsRD19 (623-624),287,29.9858,73.3,SYBR Results 2022-11-07 (3).xlsx
CsRD19 (623-624),288,36.8519,74,SYBR Results 2022-11-07 (3).xlsx
CsRD19 (623-624),288,NA,85,SYBR Results 2022-11-07 (3).xlsx
CsRD19 (623-624),288,NA,66.1,SYBR Results 2022-11-07 (3).xlsx
CsRD19 (623-624),289,32.1947,74.4,SYBR Results 2022-11-07 (3).xlsx
CsRD19 (623-624),289,32.8311,74.4,SYBR Results 2022-11-07 (3).xlsx
CsRD19 (623-624),289,31.8406,74.4,SYBR Results 2022-11-07 (3).xlsx
CsRD19 (623-624),290,32.1598,74,SYBR Results 2022-11-07 (3).xlsx
CsRD19 (623-624),290,31.4771,74,SYBR Results 2022-11-07 (3).xlsx
CsRD19 (623-624),290,31.4979,74,SYBR Results 2022-11-07 (3).xlsx
CaAALP (627-628),287,28.5504,76.8,SYBR Results 2022-11-07 (3).xlsx
CaAALP (627-628),287,28.65,77.1,SYBR Results 2022-11-07 (3).xlsx
CaAALP (627-628),287,28.5834,77.1,SYBR Results 2022-11-07 (3).xlsx
CaAALP (627-628),288,NA,65.8,SYBR Results 2022-11-07 (3).xlsx
CaAALP (627-628),288,NA,88,SYBR Results 2022-11-07 (3).xlsx
CaAALP (627-628),288,NA,85.3,SYBR Results 2022-11-07 (3).xlsx
CaAALP (627-628),289,30.3414,77.5,SYBR Results 2022-11-07 (3).xlsx
CaAALP (627-628),289,30.1116,77.5,SYBR Results 2022-11-07 (3).xlsx
CaAALP (627-628),289,30.0867,77.5,SYBR Results 2022-11-07 (3).xlsx
CaAALP (627-628),290,30.1135,77.5,SYBR Results 2022-11-07 (3).xlsx
CaAALP (627-628),290,30.0869,77.5,SYBR Results 2022-11-07 (3).xlsx
CaAALP (627-628),290,29.8458,77.1,SYBR Results 2022-11-07 (3).xlsx
SRG1B (631-632),287,30.959,76.8,SYBR Results 2022-11-07 (3).xlsx
SRG1B (631-632),287,30.823,77.1,SYBR Results 2022-11-07 (3).xlsx
SRG1B (631-632),287,30.2809,77.1,SYBR Results 2022-11-07 (3).xlsx
SRG1B (631-632),288,NA,65.5,SYBR Results 2022-11-07 (3).xlsx
SRG1B (631-632),288,NA,65.8,SYBR Results 2022-11-07 (3).xlsx
SRG1B (631-632),288,NA,66.1,SYBR Results 2022-11-07 (3).xlsx
SRG1B (631-632),289,32.9774,77.5,SYBR Results 2022-11-07 (3).xlsx
SRG1B (631-632),289,33.9196,77.5,SYBR Results 2022-11-07 (3).xlsx
SRG1B (631-632),289,34.0355,77.5,SYBR Results 2022-11-07 (3).xlsx
SRG1B (631-632),290,32.3554,77.5,SYBR Results 2022-11-07 (3).xlsx
SRG1B (631-632),290,32.2303,77.1,SYBR Results 2022-11-07 (3).xlsx
SRG1B (631-632),290,32.5117,77.1,SYBR Results 2022-11-07 (3).xlsx
Ferr (709-710),287,20.1446,79.5,SYBR Results 2022-11-07 (3).xlsx
Ferr (709-710),287,20.0583,79.9,SYBR Results 2022-11-07 (3).xlsx
Ferr (709-710),287,20.0857,79.9,SYBR Results 2022-11-07 (3).xlsx
Ferr (709-710),288,NA,79.9,SYBR Results 2022-11-07 (3).xlsx
Ferr (709-710),288,NA,80.2,SYBR Results 2022-11-07 (3).xlsx
Ferr (709-710),288,NA,68.5,SYBR Results 2022-11-07 (3).xlsx
Ferr (709-710),289,23.4711,80.2,SYBR Results 2022-11-07 (3).xlsx
Ferr (709-710),289,23.5345,80.2,SYBR Results 2022-11-07 (3).xlsx
Ferr (709-710),289,23.3093,80.2,SYBR Results 2022-11-07 (3).xlsx
Ferr (709-710),290,23.3663,80.2,SYBR Results 2022-11-07 (3).xlsx
Ferr (709-710),290,23.3417,80.2,SYBR Results 2022-11-07 (3).xlsx
Ferr (709-710),290,23.388,79.9,SYBR Results 2022-11-07 (3).xlsx
NPR1 (547-548),287,29.5721,78.8,SYBR Results 2022-11-07 (3).xlsx
NPR1 (547-548),287,29.1317,79.2,SYBR Results 2022-11-07 (3).xlsx
NPR1 (547-548),287,29.3738,79.2,SYBR Results 2022-11-07 (3).xlsx
NPR1 (547-548),288,NA,65.5,SYBR Results 2022-11-07 (3).xlsx
NPR1 (547-548),288,NA,65.5,SYBR Results 2022-11-07 (3).xlsx
NPR1 (547-548),288,NA,65.5,SYBR Results 2022-11-07 (3).xlsx
NPR1 (547-548),289,33.7245,79.2,SYBR Results 2022-11-07 (3).xlsx
NPR1 (547-548),289,33.9409,79.5,SYBR Results 2022-11-07 (3).xlsx
NPR1 (547-548),289,33.2675,79.2,SYBR Results 2022-11-07 (3).xlsx
NPR1 (547-548),290,32.6393,79.2,SYBR Results 2022-11-07 (3).xlsx
NPR1 (547-548),290,32.9336,79.2,SYBR Results 2022-11-07 (3).xlsx
NPR1 (547-548),290,32.6046,78.8,SYBR Results 2022-11-07 (3).xlsx
GAPDH,287,20.7098,78.8,SYBR Results 2022-11-07 (3).xlsx
GAPDH,287,20.664,79.2,SYBR Results 2022-11-07 (3).xlsx
GAPDH,287,20.6426,79.2,SYBR Results 2022-11-07 (3).xlsx
GAPDH,288,32.6035,78.8,SYBR Results 2022-11-07 (3).xlsx
GAPDH,288,32.6462,79.2,SYBR Results 2022-11-07 (3).xlsx
GAPDH,288,32.3372,79.2,SYBR Results 2022-11-07 (3).xlsx
GAPDH,289,23.3469,79.5,SYBR Results 2022-11-07 (3).xlsx
GAPDH,289,23.2078,79.5,SYBR Results 2022-11-07 (3).xlsx
GAPDH,289,23.1748,79.5,SYBR Results 2022-11-07 (3).xlsx
GAPDH,290,23.0963,79.5,SYBR Results 2022-11-07 (3).xlsx
GAPDH,290,23.0487,79.2,SYBR Results 2022-11-07 (3).xlsx
GAPDH,290,23.1213,79.2,SYBR Results 2022-11-07 (3).xlsx
